"numeroCartao","nome","validade","tipo","cvv","pin","criadoEm"
"4800457492034711","Charissa Dice","2027-11-08T13:31:30.8294663+00:00","Visa","181",1853,"2025-07-08T13:32:33.731Z"
"4045609643744581","Pearson Pipkin","2029-11-08T13:31:31.5936196+00:00","Visa","322",2075,"2025-07-08T13:32:33.731Z"
"4063166436556877","Paul Espinoza","2028-01-08T13:31:32.3664277+00:00","Visa","626",3044,"2025-07-08T13:32:33.731Z"
"4710537301017582","Mariangel Charron","2026-09-08T13:31:33.037253+00:00","Visa","790",5296,"2025-07-08T13:32:33.731Z"
"4269197068055187","Shlomo Hacker","2029-03-08T13:31:33.5809087+00:00","Visa","439",9971,"2025-07-08T13:32:33.731Z"
"4529283229016932","Levi Blaine","2027-12-08T13:31:34.1890327+00:00","Visa","305",5477,"2025-07-08T13:32:33.731Z"
"4699002589502958","Rebel Gunther","2028-10-08T13:31:34.8046833+00:00","Visa","945",4101,"2025-07-08T13:32:33.731Z"
"4377525479186739","Stuart Pannell","2029-07-08T13:31:35.4310092+00:00","Visa","378",2969,"2025-07-08T13:32:33.731Z"
"4727346648485705","Akeelah Weissman","2029-10-08T13:31:36.0493328+00:00","Visa","158",3919,"2025-07-08T13:32:33.731Z"
"4835078830292297","Marty Hunnicutt","2030-01-08T13:31:36.6057097+00:00","Visa","167",3182,"2025-07-08T13:32:33.731Z"
"4063172641804151","Jalayah Cintron","2027-05-08T13:31:37.3648609+00:00","Visa","443",8875,"2025-07-08T13:32:33.731Z"
"4089762476843413","Aarika Mettler","2028-02-08T13:31:37.9661308+00:00","Visa","344",2025,"2025-07-08T13:32:33.731Z"
"4257378362662647","Branch Cribbs","2028-09-08T13:31:38.664483+00:00","Visa","856",1245,"2025-07-08T13:32:33.731Z"
"4765096941823705","Carolyn Phipps","2028-10-08T13:31:39.5254231+00:00","Visa","296",2742,"2025-07-08T13:32:33.731Z"
"4530450452846783","Andrey Deutsch","2027-02-08T13:31:40.1155236+00:00","Visa","788",7393,"2025-07-08T13:32:33.731Z"
"4657194949082977","Favour Mcgann","2028-06-08T13:31:40.7977052+00:00","Visa","598",7376,"2025-07-08T13:32:33.731Z"
"4646530382830634","Regan Prado","2030-04-08T13:31:41.3482218+00:00","Visa","445",4309,"2025-07-08T13:32:33.731Z"
"4165291469471807","October Brockway","2027-05-08T13:31:41.8656574+00:00","Visa","831",5901,"2025-07-08T13:32:33.731Z"
"4775909336580151","Sriram Sartain","2026-10-08T13:31:42.3791789+00:00","Visa","482",3349,"2025-07-08T13:32:33.731Z"
"4692485523539359","Michele Hulse","2029-06-08T13:31:42.9616835+00:00","Visa","623",6598,"2025-07-08T13:32:33.731Z"
"4403751669419072","Kaiyah Matteson","2030-02-08T13:31:43.5898549+00:00","Visa","909",8277,"2025-07-08T13:32:33.731Z"
"4646622618711793","Krisha Altamirano","2029-06-08T13:31:44.1784608+00:00","Visa","680",6006,"2025-07-08T13:32:33.731Z"
"4736572682910634","Kiersten Tobias","2028-09-08T13:31:44.7859167+00:00","Visa","781",2236,"2025-07-08T13:32:33.731Z"
"4389766615317780","Gwenevere Suter","2028-02-08T13:31:45.406833+00:00","Visa","524",8600,"2025-07-08T13:32:33.731Z"
"4213534639897100","Kawika Wardlow","2029-10-08T13:31:46.0463332+00:00","Visa","995",4274,"2025-07-08T13:32:33.731Z"
"4607128995699509","Naomi Stephens","2029-11-08T13:31:46.6553994+00:00","Visa","966",3856,"2025-07-08T13:32:33.731Z"
"4886570379277646","Aleeza Dillingham","2029-02-08T13:31:47.32567+00:00","Visa","235",9418,"2025-07-08T13:32:33.731Z"
"4381655987452838","Quin Rubalcava","2028-06-08T13:31:47.8458489+00:00","Visa","281",1212,"2025-07-08T13:32:33.731Z"
"4852700351602228","Lilianna Cardona","2027-06-08T13:31:48.5491496+00:00","Visa","113",2161,"2025-07-08T13:32:33.731Z"
"4073889735737660","Ria Southerland","2029-11-08T13:31:49.1523085+00:00","Visa","803",3845,"2025-07-08T13:32:33.731Z"
"4055308619247367","Cheyanne Lockett","2026-10-08T13:31:49.7433896+00:00","Visa","552",8640,"2025-07-08T13:32:33.731Z"
"4403384095508340","Kyia Pinter","2029-07-08T13:31:50.3349632+00:00","Visa","213",7624,"2025-07-08T13:32:33.731Z"
"4841865119224724","Shyla Heredia","2027-04-08T13:31:50.9787759+00:00","Visa","780",9699,"2025-07-08T13:32:33.731Z"
"4627009381480553","Allana Ehrlich","2026-11-08T13:31:51.5447267+00:00","Visa","210",6096,"2025-07-08T13:32:33.731Z"
"4197640849902729","Ashtin Haber","2029-03-08T13:31:52.2696992+00:00","Visa","797",3502,"2025-07-08T13:32:33.731Z"
"4196401411827955","Tianna Bliss","2029-08-08T13:31:52.9410028+00:00","Visa","731",3062,"2025-07-08T13:32:33.731Z"
"4048263998577753","Auden Thai","2028-02-08T13:31:53.7303133+00:00","Visa","273",8101,"2025-07-08T13:32:33.731Z"
"4688216157383764","Kynzlee Landon","2030-01-08T13:31:54.3903025+00:00","Visa","753",9608,"2025-07-08T13:32:33.731Z"
"4448431074701441","Ekaterina Parmer","2027-12-08T13:31:55.2554323+00:00","Visa","377",1921,"2025-07-08T13:32:33.731Z"
"4225471848901413","Alpha Tiffany","2027-04-08T13:31:56.0619129+00:00","Visa","522",2529,"2025-07-08T13:32:33.731Z"
"4641319017210650","Kahlani Berens","2028-10-08T13:31:56.8564219+00:00","Visa","974",3345,"2025-07-08T13:32:33.731Z"
"4448456046112609","Journey Philips","2030-06-08T13:31:57.5744723+00:00","Visa","169",1666,"2025-07-08T13:32:33.731Z"
"4790452269758362","Zaidyn Lumpkin","2026-12-08T13:31:58.0855923+00:00","Visa","666",8176,"2025-07-08T13:32:33.731Z"
"4446824683594680","Adalyne Goodin","2029-12-08T13:31:58.6132232+00:00","Visa","603",1675,"2025-07-08T13:32:33.731Z"
"4195330915494130","Scotland Merry","2028-12-08T13:31:59.3545502+00:00","Visa","524",6616,"2025-07-08T13:32:33.731Z"
"4258982733756027","Cassidy Moorehead","2027-10-08T13:31:59.9908903+00:00","Visa","594",8982,"2025-07-08T13:32:33.731Z"
"4166328348812543","Paetyn Greenwell","2028-09-08T13:32:00.7121551+00:00","Visa","118",7016,"2025-07-08T13:32:33.731Z"
"4818552760103303","Irena Hoard","2029-05-08T13:32:01.2984745+00:00","Visa","127",4324,"2025-07-08T13:32:33.731Z"
"4549170428968730","Baylee Mcconnell","2027-11-08T13:32:01.849237+00:00","Visa","392",4561,"2025-07-08T13:32:33.731Z"
"4931900357500963","Everette Ackerson","2027-09-08T13:32:02.369535+00:00","Visa","575",6756,"2025-07-08T13:32:33.731Z"
"4172312925715123","Keren Agee","2027-09-08T13:32:03.0903664+00:00","Visa","900",6427,"2025-07-08T13:32:33.731Z"
"4923975859108655","Lacie Irizarry","2029-12-08T13:32:03.6996023+00:00","Visa","294",6675,"2025-07-08T13:32:33.731Z"
"4792041133915577","Aman Bott","2028-11-08T13:32:04.2467156+00:00","Visa","727",6553,"2025-07-08T13:32:33.732Z"
"4119547623842846","Lander Caudillo","2029-07-08T13:32:04.9479423+00:00","Visa","142",8244,"2025-07-08T13:32:33.732Z"
"4921412112070680","Sequoia Nutt","2027-12-08T13:32:05.4831375+00:00","Visa","861",9131,"2025-07-08T13:32:33.732Z"
"4867702592023951","Gisele Rains","2030-05-08T13:32:06.2107899+00:00","Visa","901",2560,"2025-07-08T13:32:33.732Z"
"4342519821379490","Saja Wilfong","2028-12-08T13:32:06.9489509+00:00","Visa","886",5820,"2025-07-08T13:32:33.732Z"
"4440150679418601","Yashvi Waldner","2029-10-08T13:32:07.5823131+00:00","Visa","756",3481,"2025-07-08T13:32:33.732Z"
"4207743390159539","Livie Glidden","2027-05-08T13:32:08.1587841+00:00","Visa","234",3272,"2025-07-08T13:32:33.732Z"
"4607421039081507","Nikola Spurlock","2029-06-08T13:32:08.8312364+00:00","Visa","709",3190,"2025-07-08T13:32:33.732Z"
"4859611743349191","Osiel Wainwright","2029-02-08T13:32:09.3765894+00:00","Visa","567",9780,"2025-07-08T13:32:33.732Z"
"4245566154372491","Blanca Lindberg","2029-02-08T13:32:09.9426059+00:00","Visa","402",3371,"2025-07-08T13:32:33.732Z"
"4231104865541364","Sahasra Gonsalves","2030-05-08T13:32:10.469559+00:00","Visa","545",3055,"2025-07-08T13:32:33.732Z"
"4875030270262992","Tania Houck","2029-11-08T13:32:10.9873751+00:00","Visa","745",3989,"2025-07-08T13:32:33.732Z"
"4591125082493877","Autum Lowther","2028-02-08T13:32:11.5381174+00:00","Visa","830",5877,"2025-07-08T13:32:33.732Z"
"4946206910257874","Raiden Branch","2030-04-08T13:32:12.0182838+00:00","Visa","183",6803,"2025-07-08T13:32:33.732Z"
"4170377320561283","Daila Soles","2026-11-08T13:32:12.5449105+00:00","Visa","695",7203,"2025-07-08T13:32:33.732Z"
"4920487444542482","Azure Eldredge","2030-02-08T13:32:13.0477541+00:00","Visa","833",3051,"2025-07-08T13:32:33.732Z"
"4334920053244941","Nyah Chavarria","2029-09-08T13:32:13.5754287+00:00","Visa","558",5812,"2025-07-08T13:32:33.732Z"
"4853397242188217","Spencer Mcguire","2027-07-08T13:32:14.0831935+00:00","Visa","634",5356,"2025-07-08T13:32:33.732Z"
"4161607842218405","Zidan Orange","2026-11-08T13:32:14.7525306+00:00","Visa","667",1911,"2025-07-08T13:32:33.732Z"
"4608201633390515","Toni Fairchild","2027-04-08T13:32:15.3237632+00:00","Visa","611",9854,"2025-07-08T13:32:33.732Z"
"4126250170854220","Devante Loving","2027-07-08T13:32:16.1511925+00:00","Visa","695",7463,"2025-07-08T13:32:33.732Z"
"4149072177653410","Nelly Morey","2028-05-08T13:32:16.8433257+00:00","Visa","504",9509,"2025-07-08T13:32:33.732Z"
"4919157216178392","Aksel Menard","2028-12-08T13:32:17.5995514+00:00","Visa","246",2339,"2025-07-08T13:32:33.732Z"
"4926321829346462","Eiden Roney","2028-03-08T13:32:18.1803504+00:00","Visa","322",9122,"2025-07-08T13:32:33.732Z"
"4463060944504881","Ela Sturm","2026-09-08T13:32:18.8589817+00:00","Visa","380",7880,"2025-07-08T13:32:33.732Z"
"4936930649488763","Talaya Stutz","2030-02-08T13:32:19.4638445+00:00","Visa","226",2985,"2025-07-08T13:32:33.732Z"
"4839018720165563","Hutson Dew","2026-08-08T13:32:20.0624173+00:00","Visa","273",6076,"2025-07-08T13:32:33.732Z"
"4315396972227072","Triniti Wertz","2028-02-08T13:32:20.7477409+00:00","Visa","942",1306,"2025-07-08T13:32:33.732Z"
"4504618655757252","Michaella Adamo","2029-02-08T13:32:21.2874327+00:00","Visa","615",3486,"2025-07-08T13:32:33.732Z"
"4136713371418267","Peter Ramsey","2027-10-08T13:32:21.8434638+00:00","Visa","619",1003,"2025-07-08T13:32:33.732Z"
"4391414325682534","Arriana Gambrell","2028-07-08T13:32:22.4497158+00:00","Visa","348",1071,"2025-07-08T13:32:33.732Z"
"4573387285027447","Hope Norton","2029-07-08T13:32:23.0461066+00:00","Visa","755",4798,"2025-07-08T13:32:33.732Z"
"4715276639353220","Laurie Rutter","2027-11-08T13:32:23.5550393+00:00","Visa","277",1871,"2025-07-08T13:32:33.732Z"
"4486558865271508","Cattaleya Driskell","2030-04-08T13:32:24.0483856+00:00","Visa","740",5270,"2025-07-08T13:32:33.732Z"
"4993771407377222","Esperanza Gifford","2029-05-08T13:32:24.5217823+00:00","Visa","169",8180,"2025-07-08T13:32:33.732Z"
"4512533480373805","Geovani Kerby","2030-06-08T13:32:25.0089112+00:00","Visa","756",6944,"2025-07-08T13:32:33.732Z"
"4241254069478190","Ronav Lofgren","2029-10-08T13:32:25.5633365+00:00","Visa","587",9463,"2025-07-08T13:32:33.732Z"
"4134042332667560","Anvita Bolyard","2029-10-08T13:32:26.1944492+00:00","Visa","472",2705,"2025-07-08T13:32:33.732Z"
"4715303706874555","Fredy Elliot","2026-11-08T13:32:26.8257608+00:00","Visa","812",3654,"2025-07-08T13:32:33.732Z"
"4337973387820628","Alvaro Fong","2029-01-08T13:32:27.7481679+00:00","Visa","291",9966,"2025-07-08T13:32:33.732Z"
"4957665153416552","Kush Mangold","2026-08-08T13:32:28.3921394+00:00","Visa","720",8794,"2025-07-08T13:32:33.732Z"
"4214849555850746","Charisma Feng","2028-12-08T13:32:29.1365725+00:00","Visa","243",7589,"2025-07-08T13:32:33.732Z"
"4151104839497202","Ellington Coco","2028-12-08T13:32:29.8267272+00:00","Visa","491",4708,"2025-07-08T13:32:33.732Z"
"4831280096544247","Ajah Zuber","2026-11-08T13:32:30.636521+00:00","Visa","416",9174,"2025-07-08T13:32:33.732Z"
"4000542741191798","Kiana Stacy","2026-11-08T13:32:31.4253165+00:00","Visa","157",8348,"2025-07-08T13:32:33.732Z"
"4089862397886010","Talyn Avendano","2027-01-08T13:32:32.0954489+00:00","Visa","859",9997,"2025-07-08T13:32:33.732Z"
"4169875419808286","Rooney Middlebrooks","2027-06-08T13:32:32.8734669+00:00","Visa","618",6198,"2025-07-08T13:32:33.732Z"
"4908281857647151","Olen Kolar","2027-01-08T13:32:33.692982+00:00","Visa","947",3887,"2025-07-08T13:32:33.732Z"